               epoch,      train/box_loss,      train/obj_loss,      train/cls_loss,   metrics/precision,      metrics/recall,     metrics/mAP_0.5,metrics/mAP_0.5:0.95,        val/box_loss,        val/obj_loss,        val/cls_loss,               x/lr0,               x/lr1,               x/lr2
                   0,            0.066497,            0.029168,            0.044547,           0.0024435,             0.62613,           0.0075088,           0.0024841,            0.023067,            0.012284,              0.0215,              0.0865,              0.0015,              0.0015
                   1,            0.048526,            0.025814,            0.045843,             0.01427,             0.98452,            0.095631,            0.053143,            0.015751,           0.0080556,            0.021194,             0.07209,           0.0030898,           0.0030898
                   2,            0.035022,            0.022508,            0.041379,             0.11696,             0.36392,             0.13511,              0.1149,            0.019741,           0.0049385,            0.020241,            0.057669,            0.004669,            0.004669
                   3,            0.034966,            0.019167,            0.042556,            0.080664,             0.46579,             0.15847,             0.12799,            0.020771,           0.0052226,            0.020004,            0.043238,           0.0062376,           0.0062376
                   4,            0.032024,            0.017516,            0.040341,            0.041158,             0.32127,            0.075537,            0.041118,            0.025398,            0.005802,             0.02002,            0.028796,           0.0077957,           0.0077957
                   5,            0.030514,            0.016751,            0.039481,            0.086659,             0.33453,             0.13266,            0.075218,            0.015973,            0.004857,            0.019676,            0.014343,           0.0093433,           0.0093433
                   6,            0.029968,            0.016314,            0.042207,             0.11267,             0.37322,             0.18125,             0.11541,            0.010802,           0.0049596,            0.020065,            0.009802,            0.009802,            0.009802
                   7,            0.025509,            0.016088,            0.042963,             0.18352,             0.38147,             0.15414,             0.07996,            0.012361,           0.0056997,            0.020111,            0.009802,            0.009802,            0.009802
                   8,            0.025663,            0.016164,            0.041904,             0.14909,             0.53842,             0.22148,             0.15325,            0.014343,           0.0059825,            0.019318,            0.009769,            0.009769,            0.009769
                   9,             0.02503,            0.015116,            0.039995,             0.10676,             0.23403,             0.19629,             0.14263,            0.014417,           0.0039108,            0.019058,            0.009736,            0.009736,            0.009736
                  10,             0.02057,            0.013834,            0.036763,             0.23067,              0.5081,             0.33713,             0.20436,            0.015089,           0.0040739,            0.018669,            0.009703,            0.009703,            0.009703
                  11,             0.02441,            0.014306,            0.040384,             0.31478,             0.38764,             0.32486,             0.21101,            0.012467,           0.0046788,            0.017067,             0.00967,             0.00967,             0.00967
                  12,            0.022107,            0.013886,            0.035688,             0.44838,             0.37369,             0.39622,             0.22595,            0.010697,            0.003322,            0.017525,            0.009637,            0.009637,            0.009637
                  13,             0.02382,            0.013135,            0.038276,             0.49783,              0.4446,             0.36525,             0.29585,            0.013732,           0.0032956,            0.018745,            0.009604,            0.009604,            0.009604
                  14,            0.021231,            0.013619,            0.036099,             0.45404,             0.45427,             0.46332,             0.29389,           0.0081465,           0.0039557,            0.016117,            0.009571,            0.009571,            0.009571
                  15,             0.01944,            0.013809,            0.031523,             0.35591,             0.58582,             0.38567,              0.2804,            0.010399,           0.0042589,            0.016594,            0.009538,            0.009538,            0.009538
                  16,            0.024358,            0.012836,            0.033447,             0.47595,             0.45901,             0.36391,              0.2191,           0.0094713,           0.0036107,            0.016033,            0.009505,            0.009505,            0.009505
                  17,            0.021505,            0.013849,            0.029368,             0.33531,             0.60737,             0.54645,             0.27823,            0.009492,           0.0043292,            0.013889,            0.009472,            0.009472,            0.009472
                  18,            0.018974,            0.013048,            0.032148,             0.39768,             0.67275,             0.62353,             0.42932,           0.0079358,            0.003847,            0.014214,            0.009439,            0.009439,            0.009439
                  19,            0.021439,            0.012486,            0.029362,             0.66245,              0.6388,             0.67747,             0.55899,             0.01149,           0.0034366,             0.01128,            0.009406,            0.009406,            0.009406
                  20,             0.02251,            0.012613,            0.029466,              0.4474,              0.5866,               0.521,             0.33557,           0.0085519,           0.0032292,            0.014542,            0.009373,            0.009373,            0.009373
                  21,            0.021099,             0.01228,             0.02721,             0.52928,             0.48113,             0.44855,             0.34589,           0.0093731,           0.0032044,            0.014801,             0.00934,             0.00934,             0.00934
                  22,            0.019516,            0.012069,            0.026411,             0.57558,               0.641,             0.63924,             0.49912,           0.0080906,           0.0026207,            0.012657,            0.009307,            0.009307,            0.009307
                  23,            0.018476,              0.0123,            0.028345,             0.59851,             0.72665,             0.78154,             0.64295,           0.0083672,           0.0029588,            0.010784,            0.009274,            0.009274,            0.009274
                  24,            0.021824,             0.01303,            0.027707,              0.5859,             0.64583,             0.74005,             0.46608,            0.008203,           0.0032085,            0.012218,            0.009241,            0.009241,            0.009241
                  25,            0.019522,            0.012979,            0.025388,             0.61856,             0.59861,             0.72007,             0.54683,           0.0063715,           0.0035397,            0.012463,            0.009208,            0.009208,            0.009208
                  26,             0.01847,            0.012666,            0.022818,             0.62093,             0.66149,             0.70106,             0.46969,            0.012905,           0.0028841,            0.010998,            0.009175,            0.009175,            0.009175
                  27,            0.021881,            0.012536,            0.027808,             0.40593,             0.60463,             0.55565,             0.30591,           0.0096968,           0.0042443,            0.013496,            0.009142,            0.009142,            0.009142
                  28,            0.019592,             0.01235,            0.024811,              0.6775,             0.59396,             0.72823,             0.54048,           0.0073594,           0.0034827,            0.010216,            0.009109,            0.009109,            0.009109
                  29,            0.020423,            0.012199,             0.02766,              0.6458,             0.75678,             0.80276,             0.53196,            0.010064,           0.0039865,           0.0094719,            0.009076,            0.009076,            0.009076
                  30,            0.018738,             0.01239,            0.020762,             0.65292,             0.68233,             0.75589,             0.55805,           0.0095219,           0.0030451,            0.011646,            0.009043,            0.009043,            0.009043
                  31,             0.01704,            0.011852,            0.020581,             0.79929,             0.62136,              0.8034,             0.62888,           0.0071454,           0.0029698,           0.0089169,             0.00901,             0.00901,             0.00901
                  32,             0.01912,            0.011592,            0.021259,             0.78866,             0.51453,             0.70243,             0.56072,           0.0083315,           0.0028761,            0.010244,            0.008977,            0.008977,            0.008977
                  33,            0.022977,            0.012141,            0.029426,             0.75664,             0.69701,             0.85506,             0.53827,           0.0089395,           0.0028941,           0.0071535,            0.008944,            0.008944,            0.008944
                  34,             0.01921,            0.011783,            0.022676,             0.72194,             0.71138,             0.78288,             0.50515,           0.0081037,           0.0026688,           0.0093174,            0.008911,            0.008911,            0.008911
                  35,            0.021357,            0.011758,            0.022835,             0.87073,             0.77027,             0.87829,             0.69938,           0.0060605,           0.0026186,           0.0078697,            0.008878,            0.008878,            0.008878
                  36,            0.017127,            0.011404,            0.020252,             0.89491,             0.77521,             0.88361,             0.75957,           0.0073313,           0.0028468,           0.0070496,            0.008845,            0.008845,            0.008845
                  37,              0.0163,            0.011754,            0.018929,              0.8311,             0.75328,             0.89201,             0.71574,           0.0066371,           0.0030395,           0.0087624,            0.008812,            0.008812,            0.008812
                  38,            0.017337,            0.011713,            0.018758,             0.83261,             0.83465,             0.90641,             0.61436,           0.0068613,           0.0038571,           0.0056324,            0.008779,            0.008779,            0.008779
                  39,            0.022044,            0.011545,            0.025296,              0.7457,              0.7277,             0.84855,             0.63914,           0.0073364,           0.0039347,           0.0064011,            0.008746,            0.008746,            0.008746
                  40,            0.016645,            0.011264,            0.019917,             0.65424,             0.62717,             0.74694,             0.59022,           0.0080526,           0.0029048,            0.010857,            0.008713,            0.008713,            0.008713
                  41,            0.016891,            0.010769,            0.018873,              0.8159,             0.67006,             0.82825,             0.45267,           0.0099894,            0.003294,           0.0074921,             0.00868,             0.00868,             0.00868
                  42,            0.016076,            0.012116,            0.018182,              0.7421,             0.75518,             0.84036,             0.61246,            0.007066,           0.0030614,           0.0082607,            0.008647,            0.008647,            0.008647
                  43,            0.018654,            0.011336,            0.018749,             0.55743,             0.73712,             0.80113,             0.66347,           0.0071202,           0.0026228,            0.011925,            0.008614,            0.008614,            0.008614
                  44,            0.018384,            0.011483,            0.023631,              0.8501,             0.80208,              0.9233,             0.71244,           0.0066788,           0.0026624,           0.0067654,            0.008581,            0.008581,            0.008581
                  45,            0.016144,             0.01118,            0.017665,             0.76079,             0.68497,             0.82538,             0.68899,           0.0064488,           0.0026606,           0.0087585,            0.008548,            0.008548,            0.008548
                  46,            0.016065,             0.01165,            0.019321,             0.78888,             0.69259,             0.83448,             0.64955,           0.0070748,           0.0030538,            0.008173,            0.008515,            0.008515,            0.008515
                  47,            0.018202,            0.011573,            0.022966,             0.83589,             0.81095,             0.91155,             0.73465,           0.0067614,           0.0028681,           0.0055656,            0.008482,            0.008482,            0.008482
                  48,            0.014789,            0.011085,            0.016828,             0.80146,              0.8127,             0.87701,             0.69881,           0.0071515,           0.0030024,           0.0063763,            0.008449,            0.008449,            0.008449
                  49,            0.017393,            0.010916,             0.01684,             0.92195,             0.78834,             0.91772,             0.73055,           0.0066473,           0.0028911,           0.0055351,            0.008416,            0.008416,            0.008416
                  50,            0.014822,             0.01098,            0.016007,             0.75841,             0.85099,             0.87467,             0.68846,           0.0065308,           0.0030985,           0.0058231,            0.008383,            0.008383,            0.008383
                  51,            0.015558,            0.010609,            0.015689,             0.87116,             0.87188,             0.93055,             0.77573,           0.0060728,           0.0027097,           0.0041523,             0.00835,             0.00835,             0.00835
                  52,            0.016972,             0.01086,            0.019169,             0.83989,             0.84555,             0.91525,              0.6985,           0.0070619,           0.0024601,           0.0056133,            0.008317,            0.008317,            0.008317
                  53,            0.014054,            0.010932,            0.015367,             0.83457,             0.82029,             0.92692,             0.78822,           0.0062502,           0.0026017,           0.0050831,            0.008284,            0.008284,            0.008284
                  54,            0.015292,            0.010963,            0.016845,             0.83256,             0.82384,             0.91312,             0.65577,           0.0073314,           0.0030794,           0.0061073,            0.008251,            0.008251,            0.008251
                  55,            0.015754,            0.010348,            0.017493,             0.77204,             0.81847,              0.9063,             0.72748,           0.0060599,            0.002807,           0.0067883,            0.008218,            0.008218,            0.008218
                  56,            0.015126,            0.011039,            0.018596,             0.77145,             0.77303,             0.85488,             0.71557,           0.0068076,           0.0026993,           0.0080299,            0.008185,            0.008185,            0.008185
                  57,            0.014838,            0.011063,            0.017182,             0.79419,              0.8436,              0.8809,             0.72677,           0.0065353,           0.0026564,           0.0062962,            0.008152,            0.008152,            0.008152
                  58,            0.014633,            0.010992,            0.015591,             0.79459,             0.71084,             0.84133,             0.59751,           0.0065828,           0.0033234,           0.0064983,            0.008119,            0.008119,            0.008119
                  59,            0.015377,            0.010851,            0.016095,             0.88696,             0.87723,             0.94738,             0.83156,           0.0053154,           0.0025654,           0.0035057,            0.008086,            0.008086,            0.008086
                  60,            0.017082,             0.01095,             0.01581,             0.85987,             0.81253,             0.89855,             0.74911,           0.0065662,           0.0024401,           0.0073128,            0.008053,            0.008053,            0.008053
                  61,            0.014672,            0.010184,             0.01514,             0.75363,             0.79847,             0.89031,             0.75262,           0.0066419,           0.0023607,           0.0082779,             0.00802,             0.00802,             0.00802
                  62,            0.017624,            0.010582,            0.016884,             0.81906,             0.77277,             0.91409,             0.69873,           0.0060357,           0.0027144,           0.0067043,            0.007987,            0.007987,            0.007987
                  63,            0.014534,            0.011026,            0.013908,             0.73551,              0.8326,             0.87376,             0.72502,           0.0058618,           0.0027264,           0.0084782,            0.007954,            0.007954,            0.007954
                  64,            0.016858,            0.010615,            0.018041,             0.78619,             0.82979,              0.9133,             0.80565,           0.0059498,           0.0025399,           0.0064373,            0.007921,            0.007921,            0.007921
                  65,            0.014192,            0.010887,            0.015836,             0.76393,             0.88834,              0.9208,             0.80005,           0.0058077,            0.002644,           0.0050459,            0.007888,            0.007888,            0.007888
                  66,            0.013206,            0.010462,              0.0162,             0.89388,             0.82298,              0.9292,              0.7766,           0.0058222,           0.0028157,           0.0058289,            0.007855,            0.007855,            0.007855
                  67,            0.013171,            0.010024,            0.014942,             0.82406,             0.82111,             0.94171,             0.76584,           0.0059638,           0.0029524,           0.0053139,            0.007822,            0.007822,            0.007822
                  68,            0.015889,            0.010743,             0.01684,             0.78512,             0.78204,             0.90837,             0.74796,           0.0060963,           0.0032658,           0.0067749,            0.007789,            0.007789,            0.007789
                  69,            0.013208,            0.010099,            0.013542,             0.72962,             0.90076,             0.95091,             0.77546,           0.0056277,           0.0025862,            0.005619,            0.007756,            0.007756,            0.007756
                  70,            0.018569,            0.010138,            0.016302,             0.86679,              0.9042,              0.9489,             0.83109,           0.0053106,           0.0024893,           0.0042553,            0.007723,            0.007723,            0.007723
                  71,            0.015923,            0.010445,            0.017512,             0.87433,             0.79814,             0.93572,             0.82767,           0.0058228,           0.0024624,           0.0051422,             0.00769,             0.00769,             0.00769
                  72,             0.01665,            0.010557,            0.015244,             0.87384,              0.8364,             0.93772,              0.8409,           0.0070311,           0.0025375,           0.0046349,            0.007657,            0.007657,            0.007657
                  73,            0.013412,            0.010126,            0.014842,             0.91073,             0.81519,             0.94597,             0.76886,           0.0056439,           0.0027494,           0.0048447,            0.007624,            0.007624,            0.007624
                  74,            0.014271,            0.010565,            0.015894,             0.86244,             0.88471,              0.9254,             0.78342,           0.0073885,           0.0026849,           0.0049381,            0.007591,            0.007591,            0.007591
                  75,            0.015292,            0.010414,            0.015772,             0.76633,             0.80667,             0.86849,             0.75071,           0.0054261,           0.0025973,           0.0066833,            0.007558,            0.007558,            0.007558
                  76,            0.012671,           0.0099288,             0.01325,             0.79905,             0.88264,             0.91532,             0.76452,            0.006318,           0.0026076,           0.0052414,            0.007525,            0.007525,            0.007525
                  77,            0.013049,           0.0099732,            0.011946,             0.86467,             0.90298,             0.95305,              0.7848,           0.0057672,           0.0024893,           0.0040045,            0.007492,            0.007492,            0.007492
                  78,            0.014521,            0.010061,            0.014991,              0.9012,             0.81056,             0.91558,             0.76845,           0.0054095,           0.0025063,            0.004755,            0.007459,            0.007459,            0.007459
                  79,            0.013032,           0.0098153,            0.010867,             0.89158,             0.91506,             0.94766,             0.74301,           0.0062995,           0.0023185,           0.0031595,            0.007426,            0.007426,            0.007426
                  80,            0.014223,           0.0097671,              0.0126,             0.89193,             0.89463,             0.94822,             0.82522,           0.0057642,           0.0026219,           0.0027275,            0.007393,            0.007393,            0.007393
                  81,            0.016971,           0.0098291,            0.015665,             0.87629,             0.87042,             0.95531,             0.81731,           0.0056651,           0.0025587,           0.0044947,             0.00736,             0.00736,             0.00736
                  82,            0.015818,            0.010135,            0.016423,             0.76467,             0.83468,             0.89565,             0.76259,           0.0052727,           0.0022719,           0.0077858,            0.007327,            0.007327,            0.007327
                  83,            0.012717,            0.010216,            0.013455,             0.75553,             0.84684,             0.91017,             0.77096,            0.006064,           0.0024869,           0.0068512,            0.007294,            0.007294,            0.007294
                  84,            0.016504,             0.01018,            0.016964,             0.80471,             0.88621,             0.95144,             0.85311,           0.0058918,           0.0025236,           0.0050068,            0.007261,            0.007261,            0.007261
                  85,            0.013685,            0.010236,            0.014158,             0.81806,             0.81897,             0.90548,             0.78188,           0.0049416,             0.00263,           0.0067711,            0.007228,            0.007228,            0.007228
                  86,            0.016477,            0.010403,            0.015926,             0.81678,             0.86861,             0.93519,             0.80036,           0.0048309,           0.0026877,           0.0049057,            0.007195,            0.007195,            0.007195
                  87,             0.01563,            0.010243,            0.015798,             0.84394,             0.88799,             0.94768,             0.82564,           0.0046441,            0.002758,           0.0040483,            0.007162,            0.007162,            0.007162
                  88,              0.0138,            0.010379,             0.01434,             0.94316,             0.91875,             0.97673,             0.84725,           0.0052093,           0.0026694,           0.0028496,            0.007129,            0.007129,            0.007129
                  89,            0.013477,           0.0098117,            0.013937,             0.89006,             0.89089,             0.96062,             0.80909,           0.0057646,           0.0027228,           0.0045633,            0.007096,            0.007096,            0.007096
                  90,            0.013988,           0.0093253,            0.012971,             0.89674,             0.82991,             0.95208,             0.83609,           0.0059849,           0.0025252,           0.0051537,            0.007063,            0.007063,            0.007063
                  91,            0.013024,            0.010044,            0.011643,             0.82346,              0.8674,             0.92576,              0.8251,           0.0057196,            0.002501,           0.0044212,             0.00703,             0.00703,             0.00703
                  92,            0.013695,           0.0098673,            0.012396,             0.89548,             0.91099,             0.97304,             0.81164,           0.0048456,           0.0025228,           0.0030966,            0.006997,            0.006997,            0.006997
                  93,            0.013641,           0.0099301,            0.013063,             0.80149,             0.86675,             0.92214,             0.82106,           0.0054653,           0.0026487,           0.0044413,            0.006964,            0.006964,            0.006964
                  94,            0.013834,             0.00996,            0.016663,             0.87967,             0.89653,             0.96284,             0.84517,           0.0048114,           0.0023624,            0.003233,            0.006931,            0.006931,            0.006931
                  95,            0.012969,            0.009989,            0.011505,             0.89728,             0.93717,             0.96129,             0.81386,           0.0053873,            0.002863,           0.0028906,            0.006898,            0.006898,            0.006898
                  96,            0.015799,            0.010216,            0.012683,             0.89406,             0.87902,             0.95362,             0.82189,           0.0052049,           0.0027563,           0.0035496,            0.006865,            0.006865,            0.006865
                  97,            0.013312,           0.0095961,            0.012512,              0.9046,             0.90425,             0.95884,             0.87125,           0.0047794,           0.0027017,           0.0038033,            0.006832,            0.006832,            0.006832
                  98,            0.016343,           0.0094113,            0.014531,             0.84265,             0.88143,             0.93438,             0.81349,           0.0050588,           0.0027228,           0.0043125,            0.006799,            0.006799,            0.006799
                  99,            0.012554,           0.0095195,            0.012658,             0.83901,             0.91716,             0.96007,             0.83237,           0.0043754,           0.0029579,           0.0036497,            0.006766,            0.006766,            0.006766
                 100,            0.012978,           0.0094448,            0.013365,             0.91278,             0.91039,             0.97644,             0.82612,            0.004706,           0.0027202,           0.0027561,            0.006733,            0.006733,            0.006733
                 101,            0.014023,           0.0095982,            0.012302,             0.74114,             0.69409,             0.84623,             0.72838,           0.0049063,           0.0027353,            0.012955,              0.0067,              0.0067,              0.0067
                 102,            0.014543,           0.0096476,             0.01069,             0.83259,             0.80266,             0.93333,             0.77104,           0.0051759,           0.0027626,            0.007103,            0.006667,            0.006667,            0.006667
                 103,            0.013058,           0.0096849,            0.014347,             0.87921,             0.86013,             0.95643,             0.84717,           0.0042025,           0.0026784,           0.0046511,            0.006634,            0.006634,            0.006634
                 104,            0.012137,           0.0097972,            0.010338,              0.8823,             0.87245,             0.96544,             0.85976,           0.0047113,           0.0026947,           0.0041342,            0.006601,            0.006601,            0.006601
                 105,            0.012862,           0.0095716,            0.011076,             0.92419,              0.8814,             0.98196,             0.87312,           0.0048007,           0.0023198,           0.0034027,            0.006568,            0.006568,            0.006568
                 106,            0.014057,           0.0096762,            0.011717,             0.85821,             0.95459,               0.973,              0.8792,           0.0043123,           0.0022868,           0.0028343,            0.006535,            0.006535,            0.006535
                 107,            0.011713,            0.009939,            0.010603,             0.92872,              0.9473,             0.98939,             0.86688,           0.0043943,           0.0023242,           0.0021229,            0.006502,            0.006502,            0.006502
                 108,             0.01316,           0.0094675,            0.013345,             0.88642,             0.95504,             0.98693,              0.8396,           0.0043643,           0.0023393,           0.0024948,            0.006469,            0.006469,            0.006469
                 109,            0.014074,           0.0097093,            0.011555,              0.9064,             0.93337,             0.97558,             0.85766,           0.0046742,           0.0026268,           0.0035372,            0.006436,            0.006436,            0.006436
                 110,            0.013598,           0.0091696,            0.015282,             0.78706,             0.82237,             0.92276,             0.79197,           0.0058709,           0.0026526,           0.0072155,            0.006403,            0.006403,            0.006403
                 111,            0.014264,           0.0094129,            0.014378,             0.79896,              0.8198,             0.88728,             0.73181,           0.0059174,           0.0027583,            0.006422,             0.00637,             0.00637,             0.00637
                 112,            0.014457,           0.0096822,             0.01489,             0.89607,             0.88963,             0.94011,             0.83656,           0.0048562,           0.0026003,           0.0044518,            0.006337,            0.006337,            0.006337
                 113,            0.016266,           0.0095826,            0.016394,             0.87362,             0.90188,             0.98224,             0.89044,           0.0042006,           0.0022782,           0.0045395,            0.006304,            0.006304,            0.006304
                 114,             0.01218,           0.0097795,            0.011869,             0.90881,             0.92043,             0.97423,             0.84263,           0.0045047,           0.0025555,           0.0030794,            0.006271,            0.006271,            0.006271
                 115,            0.014059,            0.010045,            0.012657,             0.88942,             0.91239,             0.95978,             0.80472,           0.0048898,           0.0026803,            0.002738,            0.006238,            0.006238,            0.006238
                 116,            0.014259,           0.0091322,            0.015159,             0.86587,             0.91231,              0.9589,             0.83156,           0.0052784,           0.0028574,           0.0026188,            0.006205,            0.006205,            0.006205
                 117,            0.012215,           0.0095902,            0.011719,             0.89105,             0.84686,             0.95849,             0.80867,           0.0049204,           0.0025896,           0.0026855,            0.006172,            0.006172,            0.006172
                 118,            0.012556,           0.0089368,            0.010558,             0.90453,             0.82094,             0.93983,             0.84258,            0.005797,           0.0026613,           0.0046158,            0.006139,            0.006139,            0.006139
                 119,            0.014561,            0.009049,            0.011261,              0.8612,             0.85526,             0.93898,             0.81604,           0.0054133,           0.0026276,           0.0043888,            0.006106,            0.006106,            0.006106
                 120,            0.014674,           0.0093729,            0.014012,             0.86277,              0.9183,             0.96051,             0.85919,           0.0047598,           0.0023643,           0.0033197,            0.006073,            0.006073,            0.006073
                 121,            0.014974,             0.00953,           0.0092487,             0.90586,             0.92284,             0.97004,             0.88284,            0.005269,           0.0022203,           0.0027323,             0.00604,             0.00604,             0.00604
                 122,            0.012347,           0.0095737,           0.0099018,             0.96898,             0.92733,             0.98457,             0.87527,           0.0046516,            0.002167,           0.0021963,            0.006007,            0.006007,            0.006007
                 123,            0.011796,           0.0089607,           0.0095894,             0.80191,             0.90495,             0.94343,             0.84469,           0.0043095,            0.002372,           0.0058212,            0.005974,            0.005974,            0.005974
                 124,            0.014054,           0.0089914,            0.012809,             0.91431,             0.86259,             0.97119,             0.83443,            0.004424,             0.00266,           0.0050335,            0.005941,            0.005941,            0.005941
                 125,            0.011347,           0.0091509,           0.0096366,             0.86676,              0.9203,             0.97805,             0.83437,            0.004504,           0.0028029,           0.0040331,            0.005908,            0.005908,            0.005908
                 126,            0.011204,           0.0088285,            0.010356,              0.9254,             0.89016,             0.97083,             0.87771,           0.0044045,           0.0025006,           0.0032101,            0.005875,            0.005875,            0.005875
                 127,            0.011637,           0.0091129,            0.010176,              0.9254,             0.93755,             0.97064,             0.82171,           0.0048656,           0.0023712,           0.0023661,            0.005842,            0.005842,            0.005842
                 128,            0.010728,           0.0088808,           0.0093966,             0.88905,             0.95084,             0.98604,             0.86237,           0.0042052,           0.0022764,           0.0025706,            0.005809,            0.005809,            0.005809
                 129,            0.011023,           0.0087506,           0.0093005,             0.90954,             0.92143,             0.96858,             0.86994,           0.0042415,            0.002349,           0.0030146,            0.005776,            0.005776,            0.005776
                 130,            0.014307,           0.0092017,            0.011928,             0.83487,             0.92304,             0.95344,             0.87439,           0.0046629,           0.0025302,           0.0036449,            0.005743,            0.005743,            0.005743
                 131,            0.011762,           0.0094283,            0.010507,             0.94434,             0.92541,             0.98433,             0.83405,           0.0047631,           0.0028287,           0.0022821,             0.00571,             0.00571,             0.00571
                 132,            0.013869,           0.0091852,             0.01071,             0.94669,             0.94646,             0.98187,             0.84876,            0.004593,           0.0026338,           0.0022388,            0.005677,            0.005677,            0.005677
                 133,            0.012248,           0.0091438,            0.010419,             0.92916,             0.88174,             0.97674,             0.82967,           0.0049604,           0.0025276,           0.0031033,            0.005644,            0.005644,            0.005644
                 134,            0.011013,           0.0090227,           0.0098753,             0.92656,             0.96321,             0.98984,             0.86523,           0.0051593,           0.0027561,           0.0031395,            0.005611,            0.005611,            0.005611
                 135,            0.011519,           0.0086844,           0.0092647,             0.89503,             0.82874,             0.96163,             0.84327,           0.0047145,           0.0024882,           0.0050201,            0.005578,            0.005578,            0.005578
                 136,            0.011688,           0.0084476,            0.011259,             0.93648,             0.89715,             0.97304,             0.86202,           0.0046531,           0.0024969,            0.003231,            0.005545,            0.005545,            0.005545
                 137,            0.012147,           0.0087795,            0.010609,             0.87818,             0.91679,             0.96036,             0.86167,           0.0047567,           0.0025488,           0.0030556,            0.005512,            0.005512,            0.005512
                 138,            0.014396,           0.0089716,           0.0098765,             0.86862,             0.89611,             0.95162,             0.84948,           0.0050185,           0.0026266,            0.003006,            0.005479,            0.005479,            0.005479
                 139,            0.012883,           0.0089727,            0.016434,             0.82949,             0.92335,             0.95949,             0.84206,           0.0046687,           0.0024858,           0.0036168,            0.005446,            0.005446,            0.005446
                 140,            0.010443,           0.0085033,           0.0090023,             0.80666,             0.74117,             0.86386,             0.77254,           0.0046853,           0.0024163,           0.0073414,            0.005413,            0.005413,            0.005413
                 141,            0.013433,           0.0090082,            0.011212,              0.8538,             0.89403,             0.94844,             0.87213,           0.0043384,           0.0022424,           0.0031996,             0.00538,             0.00538,             0.00538
                 142,            0.012878,           0.0088655,            0.010876,             0.90582,             0.94484,              0.9808,              0.8828,           0.0045712,           0.0023493,           0.0023093,            0.005347,            0.005347,            0.005347
                 143,            0.013026,           0.0087327,           0.0090943,             0.92999,             0.94377,             0.98343,             0.88988,           0.0046255,            0.002472,           0.0020576,            0.005314,            0.005314,            0.005314
                 144,            0.012911,            0.008724,            0.010878,             0.89852,             0.94997,             0.96875,             0.81404,           0.0047256,           0.0023472,           0.0021195,            0.005281,            0.005281,            0.005281
                 145,            0.015885,           0.0086706,            0.011736,             0.88741,             0.92616,             0.97079,             0.86317,           0.0044985,           0.0021393,           0.0029211,            0.005248,            0.005248,            0.005248
                 146,             0.01217,             0.00877,            0.011887,             0.85915,              0.8387,             0.93899,             0.85371,           0.0048879,           0.0021869,           0.0070629,            0.005215,            0.005215,            0.005215
                 147,            0.014546,           0.0086849,            0.011298,             0.89187,              0.8864,             0.96091,             0.84995,           0.0046904,            0.002463,           0.0047188,            0.005182,            0.005182,            0.005182
                 148,            0.014043,           0.0088853,            0.013579,              0.8901,             0.91166,             0.96705,             0.86093,           0.0045917,           0.0022937,           0.0028753,            0.005149,            0.005149,            0.005149
                 149,            0.010209,            0.008977,           0.0083595,             0.82826,             0.93746,              0.9659,             0.84016,           0.0045534,            0.002467,           0.0033998,            0.005116,            0.005116,            0.005116
                 150,            0.013226,            0.009081,            0.011095,             0.83141,              0.9353,             0.94243,             0.86088,           0.0042865,           0.0025791,           0.0032864,            0.005083,            0.005083,            0.005083
                 151,            0.015087,           0.0092762,            0.011422,             0.86757,             0.92658,             0.96782,             0.88702,           0.0042294,           0.0023644,            0.002882,             0.00505,             0.00505,             0.00505
                 152,            0.010333,           0.0085407,           0.0081727,             0.86503,             0.93006,             0.96746,             0.88516,           0.0044887,           0.0023335,           0.0027208,            0.005017,            0.005017,            0.005017
                 153,            0.014742,            0.008379,            0.013574,             0.90316,             0.89951,             0.96495,             0.86573,           0.0049121,           0.0025454,           0.0024185,            0.004984,            0.004984,            0.004984
                 154,            0.010533,           0.0087026,           0.0094295,              0.8985,             0.95689,             0.97826,             0.85269,           0.0046425,            0.002501,           0.0021353,            0.004951,            0.004951,            0.004951
                 155,            0.014053,           0.0086619,            0.010753,             0.90074,              0.9327,             0.97247,             0.83152,           0.0046256,           0.0029343,            0.003212,            0.004918,            0.004918,            0.004918
                 156,             0.01033,           0.0087936,           0.0079489,             0.87034,             0.91557,             0.96004,             0.85259,            0.004292,           0.0027037,           0.0043907,            0.004885,            0.004885,            0.004885
                 157,            0.010693,           0.0082906,            0.007932,             0.90997,             0.93443,             0.98523,              0.8582,           0.0043104,           0.0024199,           0.0032301,            0.004852,            0.004852,            0.004852
                 158,            0.010523,           0.0086629,           0.0079388,             0.90034,              0.9211,             0.98241,              0.8434,           0.0045191,           0.0023603,           0.0029588,            0.004819,            0.004819,            0.004819
                 159,            0.010324,            0.008287,           0.0095987,             0.90193,             0.90796,             0.97273,             0.86843,           0.0044054,           0.0024883,           0.0028791,            0.004786,            0.004786,            0.004786
                 160,            0.011471,            0.008627,           0.0094822,             0.92212,             0.90811,             0.96861,             0.88349,           0.0045385,           0.0023186,           0.0027609,            0.004753,            0.004753,            0.004753
                 161,            0.011443,           0.0085366,            0.013124,             0.93405,             0.91721,             0.96535,             0.84448,           0.0044206,           0.0023685,           0.0024233,             0.00472,             0.00472,             0.00472
                 162,             0.01179,           0.0085286,           0.0086138,             0.91746,             0.94083,             0.96417,             0.87812,           0.0043708,           0.0024555,           0.0019493,            0.004687,            0.004687,            0.004687
                 163,            0.011602,           0.0082421,           0.0084379,             0.96174,             0.93138,             0.98051,             0.88516,           0.0038581,           0.0024719,           0.0020208,            0.004654,            0.004654,            0.004654
                 164,            0.015163,           0.0087202,             0.01222,             0.91751,              0.9509,             0.97847,             0.89733,            0.004134,           0.0023283,           0.0021062,            0.004621,            0.004621,            0.004621
                 165,            0.012172,           0.0087532,           0.0081635,             0.93073,             0.94672,             0.98382,             0.86626,           0.0039302,           0.0024493,           0.0018144,            0.004588,            0.004588,            0.004588
                 166,            0.011751,           0.0082448,           0.0089794,             0.93671,             0.89276,             0.98553,             0.88238,           0.0039059,           0.0024644,           0.0028687,            0.004555,            0.004555,            0.004555
                 167,            0.011453,           0.0081183,           0.0095308,              0.9252,             0.91101,             0.98532,             0.89326,           0.0047932,           0.0023126,           0.0027103,            0.004522,            0.004522,            0.004522
                 168,             0.01027,           0.0083394,           0.0077186,             0.91588,             0.92639,              0.9643,             0.87176,           0.0043102,           0.0023013,           0.0033884,            0.004489,            0.004489,            0.004489
                 169,            0.011947,           0.0084786,           0.0085995,             0.90335,             0.95074,             0.96854,             0.87228,           0.0043208,            0.002089,           0.0023336,            0.004456,            0.004456,            0.004456
                 170,            0.014186,           0.0083951,            0.012618,             0.90544,             0.92628,             0.96748,             0.87758,           0.0041564,           0.0026982,           0.0025277,            0.004423,            0.004423,            0.004423
                 171,            0.010115,           0.0081284,           0.0080493,             0.93844,             0.94596,             0.98919,             0.87591,           0.0042337,           0.0025808,           0.0020828,             0.00439,             0.00439,             0.00439
                 172,            0.011002,           0.0082228,           0.0096534,             0.96615,             0.94692,             0.98947,             0.86293,           0.0042104,           0.0023721,           0.0016208,            0.004357,            0.004357,            0.004357
                 173,            0.011831,           0.0086834,            0.010301,             0.87891,             0.91914,             0.94422,             0.87229,           0.0050804,           0.0024338,           0.0028796,            0.004324,            0.004324,            0.004324
                 174,            0.011308,            0.008588,           0.0095343,             0.76311,             0.83832,             0.84968,             0.76435,           0.0046794,           0.0027173,           0.0066051,            0.004291,            0.004291,            0.004291
                 175,           0.0097521,           0.0083548,           0.0090774,             0.89472,             0.96636,              0.9856,              0.8921,           0.0038519,           0.0021336,           0.0021033,            0.004258,            0.004258,            0.004258
                 176,           0.0091564,            0.008143,           0.0069331,             0.89712,             0.95407,             0.97203,             0.88101,           0.0038875,           0.0021235,           0.0019379,            0.004225,            0.004225,            0.004225
                 177,             0.01276,           0.0089461,            0.012953,             0.92624,             0.96435,             0.98153,             0.89881,           0.0039971,           0.0021263,           0.0020466,            0.004192,            0.004192,            0.004192
                 178,            0.012904,           0.0078728,            0.010642,             0.93467,             0.90391,             0.96141,             0.87395,           0.0038921,           0.0022154,           0.0029688,            0.004159,            0.004159,            0.004159
                 179,            0.011485,           0.0080522,           0.0077424,               0.917,             0.93526,             0.97445,             0.88341,            0.003724,           0.0024026,           0.0027781,            0.004126,            0.004126,            0.004126
                 180,            0.016248,           0.0083527,            0.010745,             0.91427,             0.92427,             0.97809,             0.87251,           0.0038226,           0.0026047,           0.0026884,            0.004093,            0.004093,            0.004093
                 181,             0.01281,           0.0081441,            0.010308,             0.87873,             0.94446,             0.98088,              0.8643,           0.0039899,           0.0024253,           0.0026379,             0.00406,             0.00406,             0.00406
                 182,            0.010278,           0.0078267,           0.0095969,             0.93126,             0.91185,             0.96978,             0.88022,           0.0038439,           0.0022412,           0.0022192,            0.004027,            0.004027,            0.004027
                 183,             0.01077,           0.0080509,            0.010702,             0.86487,             0.92215,             0.96476,             0.88307,           0.0038681,           0.0022766,           0.0032225,            0.003994,            0.003994,            0.003994
                 184,           0.0092745,           0.0081877,           0.0078309,              0.9146,             0.92347,             0.98699,             0.90677,           0.0037004,           0.0021508,           0.0027962,            0.003961,            0.003961,            0.003961
                 185,            0.010142,           0.0083503,           0.0077448,             0.93768,             0.91033,             0.97984,             0.91574,           0.0037056,           0.0020989,           0.0028725,            0.003928,            0.003928,            0.003928
                 186,            0.010095,           0.0086156,           0.0080642,             0.92951,             0.94192,             0.97813,             0.89342,           0.0038437,           0.0019324,           0.0020494,            0.003895,            0.003895,            0.003895
                 187,           0.0093435,           0.0083634,           0.0073411,             0.87036,             0.92389,             0.97043,              0.9022,           0.0044486,            0.002093,           0.0026584,            0.003862,            0.003862,            0.003862
                 188,            0.012953,           0.0087995,           0.0097047,             0.87497,             0.90448,             0.94186,             0.85851,           0.0043302,           0.0024872,            0.004487,            0.003829,            0.003829,            0.003829
                 189,            0.013089,           0.0080311,            0.010349,             0.93511,               0.902,             0.97939,             0.88635,           0.0037279,           0.0023111,           0.0026159,            0.003796,            0.003796,            0.003796
                 190,           0.0099016,           0.0079436,           0.0075461,              0.9384,             0.88011,             0.97978,             0.84655,           0.0042606,           0.0023027,           0.0035324,            0.003763,            0.003763,            0.003763
                 191,           0.0094199,           0.0081053,           0.0063091,             0.92035,             0.90569,             0.97521,             0.89564,           0.0038243,           0.0022845,           0.0026445,             0.00373,             0.00373,             0.00373
                 192,           0.0091208,           0.0080147,           0.0061636,              0.9417,             0.93598,             0.97418,             0.88579,            0.004131,           0.0022779,           0.0016842,            0.003697,            0.003697,            0.003697
                 193,            0.011397,            0.007827,           0.0077316,              0.9658,             0.92184,             0.97651,             0.84865,           0.0042786,           0.0023871,           0.0015435,            0.003664,            0.003664,            0.003664
                 194,            0.013531,           0.0081739,            0.011917,             0.93301,             0.92845,             0.97147,             0.86359,            0.003984,           0.0023311,           0.0019655,            0.003631,            0.003631,            0.003631
                 195,           0.0090498,           0.0083282,           0.0075481,             0.95356,             0.93871,              0.9746,             0.88473,           0.0037281,           0.0023529,           0.0015984,            0.003598,            0.003598,            0.003598
                 196,            0.011529,            0.007673,           0.0084486,             0.97554,             0.93482,             0.98679,             0.86665,           0.0037931,           0.0024205,           0.0014014,            0.003565,            0.003565,            0.003565
                 197,            0.010258,           0.0077058,           0.0070584,             0.93403,             0.95434,             0.98393,             0.89985,           0.0040348,            0.002474,           0.0016899,            0.003532,            0.003532,            0.003532
                 198,            0.010035,           0.0082189,           0.0086556,             0.95239,             0.94717,             0.98646,             0.89417,           0.0036129,           0.0024308,           0.0015941,            0.003499,            0.003499,            0.003499
                 199,            0.011864,           0.0082558,           0.0089882,              0.9351,             0.96651,             0.98454,             0.91058,           0.0037999,           0.0022275,           0.0017314,            0.003466,            0.003466,            0.003466
                 200,            0.010429,           0.0071432,           0.0074158,             0.93739,             0.93569,             0.97082,             0.89557,           0.0038173,           0.0020501,           0.0018992,            0.003433,            0.003433,            0.003433
                 201,           0.0090697,           0.0080861,           0.0070601,              0.9629,              0.9497,             0.97591,             0.89623,            0.003867,           0.0021603,           0.0017834,              0.0034,              0.0034,              0.0034
                 202,            0.013239,           0.0078587,           0.0099136,              0.9078,             0.89358,             0.96063,             0.88394,           0.0037586,            0.002393,           0.0038776,            0.003367,            0.003367,            0.003367
                 203,           0.0095318,           0.0082238,           0.0071808,              0.9316,             0.93242,             0.96998,             0.90272,           0.0038937,           0.0025312,           0.0024285,            0.003334,            0.003334,            0.003334
                 204,            0.011742,           0.0075891,           0.0094019,             0.92933,             0.90369,             0.98558,             0.86414,           0.0038495,            0.002337,           0.0026436,            0.003301,            0.003301,            0.003301
                 205,           0.0094518,            0.007622,           0.0063843,             0.91477,              0.9243,             0.98586,             0.90345,           0.0037531,           0.0021747,           0.0026064,            0.003268,            0.003268,            0.003268
                 206,            0.009037,           0.0074476,           0.0073039,             0.93589,             0.94121,             0.97601,             0.89272,           0.0038206,           0.0021766,           0.0019927,            0.003235,            0.003235,            0.003235
                 207,           0.0085736,           0.0076754,            0.007545,             0.93736,             0.91934,             0.97617,             0.90743,           0.0036763,           0.0022858,           0.0021839,            0.003202,            0.003202,            0.003202
                 208,             0.01031,           0.0077308,           0.0092122,             0.94469,             0.92804,             0.98675,              0.9099,           0.0034766,           0.0023112,           0.0024595,            0.003169,            0.003169,            0.003169
                 209,            0.012213,           0.0078472,           0.0075363,             0.95901,             0.93904,             0.98816,             0.88323,           0.0036301,           0.0023127,           0.0020361,            0.003136,            0.003136,            0.003136
                 210,            0.010004,           0.0073614,           0.0066491,             0.95833,             0.94177,             0.97919,             0.90391,            0.003638,           0.0022582,           0.0019565,            0.003103,            0.003103,            0.003103
                 211,            0.009099,           0.0079107,            0.006963,              0.9491,             0.93233,               0.975,             0.89404,            0.003724,           0.0023099,           0.0018096,             0.00307,             0.00307,             0.00307
                 212,            0.011457,           0.0078279,           0.0071361,             0.92035,             0.93455,             0.96749,             0.87806,           0.0040291,           0.0024555,           0.0020137,            0.003037,            0.003037,            0.003037
                 213,            0.011197,           0.0080937,            0.011017,             0.93249,             0.92013,             0.96484,             0.87903,           0.0037638,           0.0024348,           0.0020628,            0.003004,            0.003004,            0.003004
                 214,           0.0093816,           0.0074167,           0.0066158,             0.92823,             0.91182,             0.96997,             0.88767,           0.0035898,           0.0021892,           0.0025649,            0.002971,            0.002971,            0.002971
                 215,           0.0086756,           0.0077756,           0.0073526,             0.95364,             0.90038,             0.97437,             0.89984,           0.0035555,           0.0021268,           0.0026941,            0.002938,            0.002938,            0.002938
                 216,           0.0087679,           0.0077642,           0.0067302,             0.93969,               0.921,             0.98799,             0.90661,           0.0035039,           0.0021309,           0.0025315,            0.002905,            0.002905,            0.002905
                 217,            0.010078,           0.0077129,           0.0070936,               0.952,             0.95272,             0.98719,              0.8966,           0.0035799,           0.0022601,           0.0018563,            0.002872,            0.002872,            0.002872
                 218,            0.011806,           0.0076651,           0.0072117,             0.92827,             0.92525,             0.96756,              0.8799,           0.0037986,           0.0023817,           0.0020933,            0.002839,            0.002839,            0.002839
                 219,           0.0089931,            0.007921,           0.0058379,             0.94758,             0.94051,             0.97535,             0.89339,           0.0035261,           0.0021741,           0.0020642,            0.002806,            0.002806,            0.002806
                 220,            0.010422,            0.007722,           0.0083666,             0.93302,             0.94712,             0.96906,             0.89496,           0.0035741,           0.0021111,           0.0017428,            0.002773,            0.002773,            0.002773
                 221,           0.0095403,           0.0078298,           0.0095675,             0.95049,             0.93043,             0.97175,             0.89649,           0.0035483,           0.0021426,           0.0014794,             0.00274,             0.00274,             0.00274
                 222,           0.0086047,           0.0077462,           0.0058588,             0.94189,             0.92829,             0.96816,             0.90091,           0.0035943,           0.0023035,            0.001862,            0.002707,            0.002707,            0.002707
                 223,           0.0085482,           0.0077541,           0.0068467,             0.92091,             0.96705,             0.98043,             0.89776,           0.0035491,           0.0023759,            0.001523,            0.002674,            0.002674,            0.002674
                 224,           0.0076428,           0.0071426,           0.0049351,             0.92146,             0.96747,             0.98708,             0.90965,           0.0033863,           0.0024689,           0.0016508,            0.002641,            0.002641,            0.002641
                 225,            0.010867,            0.007618,           0.0086571,             0.92617,             0.95712,             0.98946,             0.92078,           0.0034214,           0.0021504,           0.0015399,            0.002608,            0.002608,            0.002608
                 226,            0.012831,           0.0073013,           0.0069769,             0.91315,             0.92438,             0.96915,             0.90435,           0.0036201,           0.0021379,           0.0021458,            0.002575,            0.002575,            0.002575
                 227,            0.010083,             0.00787,           0.0064508,             0.87087,             0.91394,             0.97358,             0.89782,           0.0035683,           0.0023124,           0.0029702,            0.002542,            0.002542,            0.002542
                 228,           0.0094301,           0.0070927,           0.0078923,             0.91531,             0.91856,             0.96899,             0.90606,           0.0035463,           0.0022587,           0.0025618,            0.002509,            0.002509,            0.002509
                 229,           0.0097659,           0.0076482,           0.0066693,             0.93315,             0.92882,             0.96787,             0.89693,            0.003641,            0.002391,            0.002212,            0.002476,            0.002476,            0.002476
                 230,             0.01057,           0.0075624,            0.008385,             0.91937,             0.96033,             0.98039,             0.90051,           0.0033759,           0.0023198,           0.0018704,            0.002443,            0.002443,            0.002443
                 231,            0.012974,           0.0071181,           0.0078864,             0.91837,              0.9727,             0.98125,             0.89693,           0.0033063,           0.0022027,           0.0019268,             0.00241,             0.00241,             0.00241
                 232,           0.0084398,           0.0077288,           0.0068293,             0.95422,             0.96283,             0.97993,             0.89515,           0.0033744,            0.002274,            0.001802,            0.002377,            0.002377,            0.002377
                 233,           0.0099287,           0.0079479,           0.0093501,             0.96118,             0.97203,             0.98184,             0.90713,           0.0033136,           0.0022543,            0.001551,            0.002344,            0.002344,            0.002344
                 234,           0.0083012,           0.0078184,           0.0059541,             0.93641,             0.96788,             0.97676,             0.89034,           0.0034072,           0.0023239,           0.0016079,            0.002311,            0.002311,            0.002311
                 235,            0.013241,           0.0078849,           0.0087008,             0.95526,             0.95542,             0.97779,             0.89862,           0.0035508,           0.0021424,           0.0018158,            0.002278,            0.002278,            0.002278
                 236,           0.0088022,           0.0072449,           0.0063932,             0.95028,             0.96456,              0.9789,             0.89805,           0.0035119,           0.0022742,           0.0019059,            0.002245,            0.002245,            0.002245
                 237,           0.0088004,           0.0073048,           0.0088265,             0.94831,             0.95622,             0.98439,             0.90457,           0.0035332,           0.0022456,           0.0016592,            0.002212,            0.002212,            0.002212
                 238,            0.010112,           0.0075358,           0.0058101,               0.929,             0.93897,             0.97994,             0.90113,           0.0039593,           0.0021729,           0.0018415,            0.002179,            0.002179,            0.002179
                 239,           0.0095929,           0.0073631,           0.0083035,             0.91773,             0.94889,             0.97625,             0.90615,           0.0038325,           0.0021936,           0.0019801,            0.002146,            0.002146,            0.002146
                 240,            0.010447,           0.0074465,           0.0075565,             0.96646,             0.92774,             0.98635,             0.91066,           0.0035926,           0.0020255,           0.0017598,            0.002113,            0.002113,            0.002113
                 241,           0.0088616,           0.0071982,           0.0056812,             0.93309,             0.93429,             0.97982,             0.91783,           0.0036695,            0.002189,           0.0024886,             0.00208,             0.00208,             0.00208
                 242,           0.0095946,           0.0073381,           0.0058161,             0.94562,             0.90247,             0.98433,             0.91395,           0.0035301,           0.0020194,           0.0024409,            0.002047,            0.002047,            0.002047
                 243,           0.0099789,           0.0079118,           0.0081571,             0.92713,             0.92555,             0.97235,              0.9089,           0.0034938,           0.0019497,           0.0020697,            0.002014,            0.002014,            0.002014
                 244,           0.0085657,           0.0075298,           0.0069306,             0.90891,             0.92843,             0.96998,             0.90948,           0.0035047,           0.0020282,           0.0023303,            0.001981,            0.001981,            0.001981
                 245,            0.010145,           0.0071716,           0.0053343,             0.95221,              0.9398,             0.98443,             0.91735,           0.0033071,           0.0020465,           0.0015967,            0.001948,            0.001948,            0.001948
                 246,           0.0083081,           0.0070564,           0.0064422,             0.93842,             0.93931,             0.98556,             0.91135,           0.0033404,            0.002112,           0.0015919,            0.001915,            0.001915,            0.001915
                 247,           0.0086948,           0.0073421,           0.0057724,             0.94599,             0.94243,             0.98736,             0.90309,           0.0033752,           0.0020918,            0.001514,            0.001882,            0.001882,            0.001882
                 248,           0.0094292,           0.0075951,           0.0078857,              0.9624,             0.95814,             0.98508,             0.89964,           0.0033302,           0.0020641,           0.0013626,            0.001849,            0.001849,            0.001849
                 249,            0.011071,           0.0073121,           0.0051458,             0.94698,             0.95389,             0.97492,             0.89824,           0.0034216,           0.0020204,           0.0013571,            0.001816,            0.001816,            0.001816
                 250,           0.0075884,           0.0068847,           0.0055829,              0.9568,             0.94278,             0.97544,             0.90814,           0.0035356,           0.0021017,           0.0015073,            0.001783,            0.001783,            0.001783
                 251,           0.0096275,           0.0071636,           0.0061049,             0.93979,             0.95154,             0.97493,             0.90263,           0.0035191,           0.0021289,           0.0014629,             0.00175,             0.00175,             0.00175
                 252,           0.0086487,            0.007043,           0.0053476,             0.95051,             0.96185,             0.97428,             0.90659,           0.0035294,           0.0020997,           0.0012665,            0.001717,            0.001717,            0.001717
                 253,            0.011404,           0.0068569,           0.0086702,             0.96007,              0.9726,             0.98626,             0.90683,           0.0034052,            0.002054,           0.0010999,            0.001684,            0.001684,            0.001684
                 254,           0.0093787,           0.0077505,           0.0068473,             0.96216,             0.96237,             0.98437,             0.90686,           0.0034572,           0.0020645,           0.0012293,            0.001651,            0.001651,            0.001651
                 255,           0.0095155,            0.006789,           0.0054671,             0.95242,             0.96663,             0.98298,             0.91019,           0.0033458,           0.0021412,           0.0013981,            0.001618,            0.001618,            0.001618
                 256,            0.008551,           0.0071122,           0.0044173,             0.95147,              0.9681,             0.98218,             0.91784,           0.0032937,           0.0021558,           0.0013833,            0.001585,            0.001585,            0.001585
                 257,           0.0079662,           0.0072093,           0.0056161,               0.954,              0.9645,             0.98462,              0.9087,           0.0033595,           0.0021515,           0.0013709,            0.001552,            0.001552,            0.001552
                 258,           0.0079254,            0.007051,           0.0061054,             0.94772,             0.97904,             0.98606,             0.90855,           0.0034377,           0.0022378,           0.0012329,            0.001519,            0.001519,            0.001519
                 259,           0.0097489,           0.0066852,           0.0078889,             0.94884,             0.97706,             0.98698,             0.91061,           0.0035911,           0.0021842,           0.0011605,            0.001486,            0.001486,            0.001486
                 260,           0.0078026,           0.0068991,           0.0066631,              0.9542,             0.96553,                0.99,             0.90841,           0.0035355,           0.0021909,           0.0012354,            0.001453,            0.001453,            0.001453
                 261,            0.011117,           0.0068363,            0.010711,             0.95568,             0.97289,             0.98486,              0.8987,           0.0034278,           0.0021701,           0.0013161,             0.00142,             0.00142,             0.00142
                 262,           0.0080398,           0.0069104,            0.007061,             0.94465,             0.96979,             0.98323,             0.90613,           0.0033501,            0.002047,           0.0013242,            0.001387,            0.001387,            0.001387
                 263,           0.0070554,             0.00704,           0.0044068,             0.96212,             0.97126,             0.98615,             0.91409,           0.0033917,           0.0019841,           0.0012136,            0.001354,            0.001354,            0.001354
                 264,           0.0074018,           0.0069948,            0.005237,               0.968,             0.96803,             0.98615,             0.91091,             0.00333,           0.0019929,           0.0012066,            0.001321,            0.001321,            0.001321
                 265,           0.0080851,           0.0067701,           0.0068346,              0.9619,             0.96882,             0.98416,             0.91252,            0.003283,           0.0020596,           0.0011708,            0.001288,            0.001288,            0.001288
                 266,           0.0071712,           0.0070431,           0.0048906,             0.96143,              0.9644,             0.98374,             0.90206,            0.003373,           0.0020965,           0.0012178,            0.001255,            0.001255,            0.001255
                 267,           0.0088668,           0.0073089,           0.0065674,              0.9567,              0.9717,             0.98337,             0.89985,           0.0033509,           0.0020574,           0.0012312,            0.001222,            0.001222,            0.001222
                 268,           0.0072693,           0.0068751,           0.0056473,             0.94919,             0.97351,             0.98019,             0.90552,             0.00333,           0.0020889,            0.001456,            0.001189,            0.001189,            0.001189
                 269,           0.0088886,           0.0069125,           0.0048476,             0.95183,             0.96478,             0.97841,             0.90524,            0.003295,           0.0020833,           0.0014532,            0.001156,            0.001156,            0.001156
                 270,           0.0081544,           0.0072064,           0.0043981,             0.95405,             0.97226,             0.97978,             0.90414,           0.0033255,           0.0020806,           0.0013549,            0.001123,            0.001123,            0.001123
                 271,           0.0083096,           0.0067081,           0.0066601,             0.96533,             0.95994,             0.98179,             0.90339,           0.0034024,           0.0021043,           0.0012288,             0.00109,             0.00109,             0.00109
                 272,           0.0071624,           0.0068577,            0.005063,             0.96696,             0.94175,             0.97481,             0.90785,           0.0034778,           0.0021461,           0.0012414,            0.001057,            0.001057,            0.001057
                 273,           0.0069197,           0.0070253,           0.0045132,             0.95331,             0.97049,             0.98329,             0.90223,           0.0034007,            0.002046,           0.0010958,            0.001024,            0.001024,            0.001024
                 274,           0.0078915,           0.0068083,           0.0053454,             0.96255,             0.96901,             0.98309,             0.90928,           0.0033611,           0.0019946,           0.0010964,            0.000991,            0.000991,            0.000991
                 275,           0.0082779,           0.0070697,            0.008168,             0.96316,             0.96523,              0.9824,              0.9036,             0.00337,            0.002008,           0.0011394,            0.000958,            0.000958,            0.000958
                 276,           0.0077869,           0.0072064,           0.0068821,             0.96129,             0.96484,             0.98378,             0.91126,           0.0033291,            0.002006,           0.0011907,            0.000925,            0.000925,            0.000925
                 277,           0.0074997,           0.0072376,           0.0057639,             0.97031,             0.94496,              0.9758,             0.91235,           0.0033859,           0.0020173,           0.0012634,            0.000892,            0.000892,            0.000892
                 278,           0.0071423,           0.0071607,           0.0054046,              0.9688,              0.9423,              0.9772,             0.91143,           0.0034024,           0.0020354,            0.001222,            0.000859,            0.000859,            0.000859
                 279,           0.0080901,           0.0066356,           0.0050156,             0.96317,             0.94562,             0.97694,             0.90892,           0.0033946,           0.0020888,           0.0012947,            0.000826,            0.000826,            0.000826
                 280,            0.010139,           0.0067877,           0.0059332,             0.96583,             0.95395,             0.98701,             0.91273,           0.0033497,           0.0020937,           0.0012032,            0.000793,            0.000793,            0.000793
                 281,           0.0084187,           0.0068509,           0.0073167,             0.96322,             0.96181,             0.98692,             0.91621,            0.003264,           0.0020488,           0.0011446,             0.00076,             0.00076,             0.00076
                 282,           0.0070139,            0.006348,           0.0063582,             0.97705,             0.94988,             0.98674,             0.91343,           0.0033269,           0.0020556,           0.0011885,            0.000727,            0.000727,            0.000727
                 283,            0.010232,           0.0074891,           0.0078013,             0.97743,             0.95382,               0.986,             0.91027,           0.0033563,           0.0020759,           0.0011914,            0.000694,            0.000694,            0.000694
                 284,           0.0073291,           0.0065846,           0.0061011,             0.97454,             0.94552,             0.97417,             0.90692,           0.0033856,           0.0020919,           0.0012059,            0.000661,            0.000661,            0.000661
                 285,           0.0078552,           0.0064141,           0.0046376,             0.95676,             0.95172,             0.97629,             0.91198,           0.0033775,           0.0021137,           0.0011373,            0.000628,            0.000628,            0.000628
                 286,            0.012022,           0.0071477,           0.0060848,             0.96468,             0.94402,              0.9751,             0.90872,           0.0032798,           0.0021118,           0.0012317,            0.000595,            0.000595,            0.000595
                 287,           0.0094974,           0.0064905,           0.0066464,             0.95102,             0.96036,             0.98575,              0.9055,           0.0032663,           0.0021129,           0.0013826,            0.000562,            0.000562,            0.000562
                 288,            0.008474,           0.0067218,           0.0063173,             0.94588,             0.96674,             0.98514,             0.91307,           0.0031637,           0.0021215,            0.001467,            0.000529,            0.000529,            0.000529
                 289,           0.0078961,           0.0066908,           0.0053879,             0.94664,             0.96877,             0.98514,             0.91723,           0.0031343,           0.0020739,           0.0014083,            0.000496,            0.000496,            0.000496
                 290,            0.007558,           0.0066117,           0.0072034,             0.95266,             0.96542,              0.9867,              0.9171,           0.0032013,           0.0020376,           0.0011683,            0.000463,            0.000463,            0.000463
                 291,           0.0079082,           0.0066268,           0.0038773,             0.96217,             0.96158,             0.98693,              0.9157,           0.0031833,           0.0020089,           0.0011392,             0.00043,             0.00043,             0.00043
                 292,            0.006972,           0.0067574,           0.0053147,             0.96049,             0.95876,             0.98673,             0.91548,           0.0032144,           0.0020223,           0.0011518,            0.000397,            0.000397,            0.000397
                 293,           0.0079537,           0.0066674,           0.0077861,             0.96517,             0.95363,             0.98815,              0.9167,           0.0032624,           0.0020395,           0.0011365,            0.000364,            0.000364,            0.000364
                 294,            0.011507,           0.0067161,           0.0070707,             0.96624,             0.95269,             0.98759,             0.91713,           0.0031828,             0.00205,           0.0011225,            0.000331,            0.000331,            0.000331
                 295,           0.0081847,           0.0063985,           0.0067814,             0.96893,             0.95192,             0.98759,             0.91758,           0.0031728,           0.0020605,           0.0010903,            0.000298,            0.000298,            0.000298
                 296,           0.0070654,           0.0069458,           0.0041349,             0.95524,              0.9654,             0.98684,              0.9209,           0.0031773,           0.0020635,           0.0010908,            0.000265,            0.000265,            0.000265
                 297,           0.0062929,           0.0070017,           0.0044996,             0.95722,             0.96696,             0.98663,             0.91743,           0.0032204,           0.0020645,           0.0010583,            0.000232,            0.000232,            0.000232
                 298,           0.0086875,           0.0064841,           0.0064557,              0.9513,             0.97186,             0.98738,             0.91564,           0.0032215,           0.0020673,           0.0010264,            0.000199,            0.000199,            0.000199
                 299,           0.0061337,            0.006551,           0.0043985,             0.94996,             0.97233,             0.98795,             0.92137,           0.0031715,           0.0020605,           0.0010287,            0.000166,            0.000166,            0.000166
